total_objects,productive_count,distracting_count,neutral_count,productive_ratio,distracting_ratio,focused_score,avg_object_area,total_area_coverage,avg_confidence,clutter_score,has_laptop,has_phone,has_book,has_person,label
4,2,0,2,0.8118764001091077,0.1790550473839461,0.46749965171215474,0.05999749158180029,0.23777466758976018,0.7001125833417066,0.12857336358438815,1,0,1,1,1
3,2,0,1,0.7099025726528951,0.12958350559263473,0.3747374841188252,0.11118528947223794,0.14184815819561256,0.6876433945605654,0.17327236865873835,1,1,0,1,1
5,2,0,0,0.7430179407605754,0.051157237106187456,0.23903095579116773,0.14488855372533332,0.3896896099223679,0.8425192044349383,0.16092275383467414,0,0,1,0,1
2,4,0,1,0.6564242430292964,0.0546708263364187,0.6532168461905916,0.09251558744912447,0.16238249886045666,0.7703100983459974,0.10626265849111172,1,0,1,1,1
4,4,1,1,0.578393144967658,0.01356818667316142,0.39519819845795867,0.0888677289689482,0.1814047095321688,0.8486212527455788,0.17135066533871784,1,0,0,1,1
2,2,0,0,0.808897907718663,0.059614704460251716,0.20331327027416146,0.1315461428454834,0.3120572031542852,0.8187021504122962,0.25425406933718914,0,0,0,1,1
5,3,0,2,0.6243929286862648,0.09755499660802411,0.6377637070028386,0.1137557471355213,0.36616382277289805,0.7416644775485848,0.12391884918766034,1,1,1,1,1
4,4,0,2,0.6710164073434198,0.007625738023228556,0.2647348561959827,0.053142918568673425,0.2909231233791342,0.694306794322898,0.20171413823294054,1,0,1,1,1
5,2,1,2,0.6159005811655072,0.04836638617620132,0.757818591405544,0.1308120379564417,0.2900211269531271,0.8614381770563153,0.2607344153798229,0,1,1,1,1
5,2,0,1,0.5440207698110707,0.0683805487625825,0.4562646731757538,0.1318014765922493,0.35821917497690303,0.6020856391593572,0.20214946051551314,1,0,0,0,1
4,4,1,0,0.6615344684232163,0.019467674132694467,0.3523492483606069,0.07468760628386012,0.30889128185193654,0.8136811769773327,0.12961738599067998,1,0,1,1,1
4,2,1,0,0.7537405378805455,0.20421163546643004,0.5185607499902819,0.09477831645730916,0.2658679267213984,0.7778090171638181,0.11617066526654306,1,0,1,1,1
3,3,1,2,0.8265727492877536,0.23950353749536532,0.2904305263792577,0.10081987767407186,0.30874384203726457,0.857507641444116,0.16519178104037696,1,1,1,0,1
4,2,0,2,0.8746919954946939,0.04125628324379797,0.40463981063015514,0.06134735212405891,0.37740808548356886,0.8632018060142943,0.15158832554303112,1,1,1,1,1
3,2,1,1,0.8588863031813307,0.2701254171489991,0.5798608743639608,0.08390297910487007,0.20476287238379828,0.8177867036610718,0.2794220519905154,1,1,1,0,1
5,3,1,1,0.5036788206466518,0.03044146285980963,0.5981010614648335,0.05050615838462187,0.1482424154252496,0.7646201368099759,0.23837903953853865,1,0,1,0,1
2,4,0,0,0.6232243167409557,0.1627620691664698,0.5052884461032561,0.11363326181858953,0.17513854558167524,0.7769612542681632,0.29577857165500177,1,1,1,0,1
2,4,1,0,0.5780971951192178,0.2167356345784516,0.3684634174645135,0.05243159664314539,0.29364168877215036,0.6531332038221147,0.2880917168705829,1,1,1,0,1
5,2,0,1,0.8866619276174679,0.28908599312677585,0.7118056732804161,0.07944488920695857,0.2155293185805776,0.8553410014550571,0.16338440103125554,0,0,1,1,1
5,3,1,1,0.7460028906796679,0.297016155031279,0.28405040914191443,0.10183296523637367,0.36321192157838667,0.8222305853262614,0.2394031481990536,1,0,0,1,1
4,3,0,0,0.5326376721600962,0.0015554588321960328,0.5767366489691816,0.06942739535120422,0.12128227509997831,0.7190351481641665,0.1101537062078794,1,0,1,1,1
4,3,0,0,0.5620166466910976,0.2945522664931593,0.7033601012416182,0.13604046183116753,0.17507540815475925,0.611650420328827,0.16065310293464458,1,0,1,0,1
5,2,0,1,0.5206726884674431,0.1594063894704444,0.524381072966064,0.11374299014982066,0.3178274001167985,0.8927556238387604,0.20326006966023907,1,1,0,1,1
4,3,0,1,0.8850593658711701,0.25079403615366175,0.6175845236562189,0.090895294441427,0.15198829602125374,0.6469311128013258,0.15004857963291907,1,1,1,0,1
5,2,0,2,0.6742691594711564,0.21901179496854556,0.22862967661498929,0.10660372104940763,0.1475939342927473,0.6360493943416926,0.16837593334328033,0,0,1,1,1
2,3,1,0,0.6893887083122263,0.051960560973004555,0.4603109895427839,0.08985047343973734,0.284755029415665,0.7905280952602931,0.10906080195440891,1,0,1,1,1
2,2,1,2,0.877700638850067,0.26015968006650114,0.5818421584676068,0.13009492946823997,0.3031505027148945,0.77201011250158,0.12570007064678204,1,1,1,1,1
5,3,0,0,0.5277445203500661,0.030233400413227994,0.21093309539092986,0.059444296075592845,0.30490203202490707,0.6213565945380687,0.16379512605875227,1,0,1,0,1
5,3,0,1,0.7515771387119536,0.26324160405811586,0.6410426262823316,0.13034809303848485,0.18461037177139195,0.6532318631339168,0.25012295032817167,1,1,1,0,1
4,4,1,0,0.595438743916136,0.20395343397007373,0.6439452562684248,0.07382361524039795,0.21331866585288847,0.7602982420591691,0.19931223813661553,1,0,0,0,1
2,2,0,0,0.627725455036166,0.28501859011524144,0.7703642881625337,0.10734378881232862,0.2895511636509398,0.7345336565934959,0.1586421543396129,1,0,1,1,1
2,4,0,0,0.6977681218810325,0.017267628004993284,0.5297173293942414,0.0941530501373377,0.36631125482748994,0.7052745037656236,0.12341340328552118,0,1,1,0,1
4,3,0,1,0.6586606407817007,0.267569072633033,0.2879628930152153,0.10133261686923928,0.16996842172735838,0.7743916251680347,0.27262770439780076,1,0,1,1,1
5,3,1,2,0.6926667951856461,0.11339627703667633,0.623050618577996,0.07487241544302879,0.19907575870572958,0.7303355533464814,0.15073643477462775,1,0,1,1,1
4,2,0,0,0.7724157708387636,0.07125194138774098,0.44013373572321496,0.09777148908802277,0.12486739650800628,0.7585110363891627,0.18726716632131118,1,1,1,0,1
5,3,0,2,0.8676462861114638,0.07589705039677233,0.6172466738639886,0.05754345470897693,0.14986462957277588,0.6650427319759473,0.15889878936788598,1,0,1,1,1
4,3,1,1,0.6822627011142852,0.186039779340461,0.36642870978867964,0.06881211597237613,0.23910952148199469,0.7060056684078159,0.2167312223701744,0,1,1,1,1
2,2,0,0,0.8255180078827795,0.20541935176616377,0.2975701636069348,0.14109271844938426,0.34676117287695074,0.8849399739875772,0.245143901677672,1,0,1,1,1
2,2,0,0,0.8110409134940902,0.1441110245599064,0.7911716303993026,0.08767389699379408,0.3248734899928216,0.7178968346936577,0.26583284414130287,1,0,0,0,1
2,4,1,0,0.7137385100117852,0.22497322484099155,0.7478994513545858,0.1085149532325472,0.31783625322155445,0.8271243606127368,0.17557010985515728,1,0,0,0,1
5,3,0,0,0.8027996528688914,0.014068940337365976,0.3612034892151844,0.05221847420303016,0.24944955599376792,0.7428632090367042,0.26627429801250024,1,1,1,0,1
4,2,0,2,0.5115130705253356,0.22654117670208568,0.5721857308120788,0.12040797680992235,0.16388924845267322,0.640911442676031,0.1029089331335764,1,0,1,1,1
4,3,1,0,0.7055957956639243,0.2350959038223429,0.4379256693927621,0.11220867002278734,0.3587091126240236,0.8848561870972926,0.1294146961858076,1,0,0,1,1
3,3,0,1,0.6315006441150033,0.19002025629501773,0.3440873712669159,0.05758633281086639,0.13866391657319477,0.6384137516873317,0.13038053870245886,0,0,0,0,1
4,4,0,0,0.8892441397080417,0.18058061866228806,0.3343094395437924,0.13217906368444493,0.20352478834671606,0.704285764344805,0.10636093629703303,1,0,1,1,1
2,3,1,0,0.6286331058720116,0.027687175868623824,0.488687236433776,0.1187784717096083,0.25349710406417836,0.647093304814858,0.1754571930484145,0,1,0,1,1
5,4,0,2,0.8696167036429733,0.07083495993522129,0.6559732453625515,0.1031265753973534,0.31615481841743953,0.6187024087533725,0.12954781838124535,0,0,1,1,1
5,2,1,1,0.6416586683172502,0.11914914975122474,0.26292149991948854,0.12374052060938191,0.15468516354278744,0.769189527605651,0.2681419971755862,0,0,0,0,1
2,3,0,0,0.6993768795716229,0.026076086426227107,0.5222639250911287,0.10868411180208791,0.32363184225529906,0.7294978638689038,0.12551606055911274,1,0,1,1,1
5,4,0,1,0.7423099277427548,0.07116803752079834,0.26106948357224224,0.0652859139184332,0.17378731851535245,0.6482044119778667,0.13731340481026116,1,0,1,0,1
4,4,1,0,0.8929514467634425,0.033611670650415704,0.43871335942744505,0.14694704332753689,0.35965213776819416,0.845121621284784,0.15158056540898796,0,0,1,1,1
5,3,0,0,0.8077971732767748,0.05611312456725701,0.39420754184254625,0.09254364386164168,0.2522831136053365,0.672722919724524,0.12296736494784072,1,0,1,0,1
5,2,0,2,0.5207294147289707,0.10098128345817617,0.28064880616338456,0.05633749704727678,0.39698806971698364,0.6967061534924168,0.26197488917092693,1,0,1,1,1
5,3,0,2,0.6395473066171982,0.27885874327434773,0.6983716446726376,0.14650269106665126,0.13728916704566343,0.8192602425610933,0.28766809136420757,0,0,1,1,1
5,2,1,2,0.8181069247439561,0.060488196014323356,0.29819356571942274,0.0664265797930993,0.3443724160694147,0.79955916620886,0.20461308495382385,1,1,1,1,1
4,3,1,2,0.749640617672735,0.16193431857438992,0.4632468052330035,0.10774862709061256,0.20660873554551878,0.7174446330604506,0.2063714959376348,0,0,1,1,1
4,4,0,1,0.5557088290653549,0.2382075567810888,0.5720436535571082,0.10334610919763215,0.3681677749152873,0.8365791633673593,0.13033497594655025,1,0,1,0,1
3,3,1,0,0.8507062547046997,0.10262452461477224,0.6927543828032078,0.06106317369552072,0.35393568752035554,0.6382465986995947,0.17945745811207345,1,0,0,1,1
3,4,0,2,0.77757937778684,0.16281733300427884,0.3510794353441717,0.08456959935039195,0.15447931504042772,0.8725351684000886,0.21667835895322407,1,0,1,0,1
2,3,1,0,0.6024062127414649,0.21782867581872023,0.555777743155293,0.06022126642251996,0.37562515667822405,0.8370253911372261,0.10460452095752751,1,1,1,0,1
4,2,1,0,0.8702274051627106,0.13525181142123963,0.2679428275044532,0.14848411989623345,0.35166942593378026,0.6373988043609801,0.2841683765234745,1,0,1,0,1
2,2,0,1,0.8211413794392046,0.0013896069013808576,0.40009950301468655,0.08981686935909433,0.2612186808813769,0.8759566849238282,0.16926919887319225,1,1,1,0,1
5,4,0,1,0.5705547946024894,0.14951033182184392,0.45135526970272877,0.14148459010681,0.20871816973498997,0.7741765050834131,0.22645285758390607,0,0,0,1,1
2,3,1,2,0.8987497007383789,0.15065850309937276,0.5572310103920264,0.05670764773884275,0.3249881411197534,0.6629716779286757,0.27961085788814277,1,0,0,1,1
5,4,1,0,0.8102110466780043,0.13598665042440827,0.5146341615965481,0.09407627469382282,0.22022891826259783,0.7678920993924654,0.1310480491861425,0,1,1,0,1
3,4,1,1,0.6634936684392385,0.007615906698103458,0.2936915584197142,0.12159722288473974,0.29767718257304543,0.608128797751045,0.1443944323865899,1,0,0,0,1
4,2,0,2,0.7610984431407499,0.07145483431401796,0.2596648356556071,0.0743172190999454,0.31668007955669775,0.8567089404318857,0.2660439729133983,1,0,0,0,1
5,3,0,1,0.5342034123417873,0.062365876543808194,0.21591932232429184,0.06814354350897973,0.27491246829090765,0.7264273651777494,0.27853434221539497,1,0,0,0,1
4,4,1,0,0.6380768579525102,0.23215035696040207,0.4176547367995673,0.13610680199747216,0.16585315752428764,0.8923641795596611,0.25595175495760614,0,0,1,1,1
5,2,1,2,0.7049830623527686,0.22250608326859966,0.6193075118965428,0.09025500435969805,0.16540693224822595,0.7935162503307989,0.18434078691065636,0,1,1,1,1
3,3,1,0,0.8260217713609829,0.14942722605330172,0.24030523994942607,0.09052480880276888,0.2492394681939672,0.8160607744896887,0.12131574602573487,0,0,0,1,1
3,2,0,0,0.5701485114493798,0.27432358377748794,0.45126231493524394,0.08831385282494975,0.2556753115848513,0.6140897900325165,0.1332566737512159,1,0,1,0,1
2,4,1,2,0.6422690865859797,0.21571377155527363,0.37827302937390506,0.10664046402968971,0.24281512065972993,0.7991013496087944,0.2873659478649516,1,0,0,0,1
4,4,0,1,0.8820945250893917,0.046401642264970865,0.5739995305429946,0.09742373087003696,0.20331511961326998,0.7054620483402656,0.18255871012135044,1,0,1,0,1
3,2,1,2,0.6088580548919851,0.17706920006072613,0.41658433816401613,0.059158207332663415,0.3751940726386729,0.6410455892756884,0.2900474707641605,1,0,1,1,1
5,4,0,0,0.7635133466842869,0.20768296935535574,0.7095173909391916,0.07496680088591859,0.24682748909294216,0.6663628325458807,0.2975336015993294,1,0,1,1,1
4,3,0,1,0.8661953190352167,0.010183793575739652,0.618452160348104,0.07973490073725507,0.3773188586129592,0.8913174735496103,0.28885329782268676,1,1,1,0,1
3,4,0,1,0.7385079513928212,0.06900265118631091,0.2723401314663673,0.05769532016292092,0.30888663276344197,0.7019624891304198,0.2449533543057523,0,0,1,1,1
2,2,1,0,0.8543910992944749,0.18475895645469137,0.3397756848521803,0.0524400781556538,0.361029662170279,0.6063808232551161,0.27494033453683986,1,1,1,1,1
5,2,1,0,0.6607723654436969,0.14396268609117266,0.5765032779310222,0.13736771141863385,0.3952250407597886,0.8304820241593555,0.18355335643346676,1,1,0,0,1
3,3,1,1,0.593443100419964,0.012627956890908565,0.2107243608400483,0.14877223897360314,0.22833194012075872,0.7152979941479045,0.23592945653861397,1,1,1,0,1
3,4,1,2,0.8778928089165641,0.14022045337496092,0.5680468335264247,0.06670339460920752,0.397350587841093,0.669501510415033,0.2885463548270251,1,0,1,0,1
3,2,1,0,0.5745753048577018,0.23387534207002597,0.4100751555000381,0.05578426765633964,0.39073078904224345,0.8651357654890277,0.28555045663904255,1,0,1,1,1
3,2,1,2,0.8263332499962471,0.0673321715509982,0.3342905688935739,0.10369744228934136,0.277881980452511,0.7740258623513434,0.11829736747955098,1,0,0,1,1
2,3,1,1,0.8238064298899512,0.1965725941917065,0.5305144223654836,0.058698675991141015,0.22253596392120964,0.7118065551036942,0.15195075675206524,1,0,0,0,1
2,2,0,0,0.524606810495694,0.26487188074123835,0.50964741226617,0.14065137194445798,0.27139568257587227,0.7986336030319694,0.20875578159947983,1,1,1,1,1
5,2,0,2,0.5641600421320289,0.10020266362357136,0.34321401878061053,0.14300903505097384,0.1317502281485752,0.8096972214118763,0.13784430795700117,1,1,1,1,1
3,3,1,2,0.5914500646099694,0.27261039278081034,0.20067206688806571,0.1056181735039757,0.32699074113548043,0.6776064992093724,0.1386265729174586,0,0,1,0,1
3,2,0,1,0.6133371793062327,0.00552831562146524,0.4593444703355074,0.1340121502741219,0.217645363433559,0.65384919702715,0.2507397668101038,1,0,1,1,1
5,2,1,1,0.7834288018410518,0.14207216653052654,0.234752276335279,0.057469441775785404,0.3557243977595943,0.8970445118251942,0.2352104514373509,1,0,1,0,1
2,4,0,1,0.6487334116954898,0.2456356930071281,0.35150524981302933,0.05010294798456334,0.14768148498302697,0.7405618250305753,0.28886072699156595,0,1,1,1,1
4,3,0,1,0.5920214732125736,0.039400537922813415,0.7208325935193758,0.1463236653440132,0.10939069412425488,0.8193810200921057,0.28190490218956366,1,1,1,1,1
4,2,1,1,0.5919818423564345,0.06393141120752499,0.21868044973070683,0.11516668253758851,0.21055790311712835,0.8593074749518912,0.19464198133831143,1,0,1,1,1
4,4,1,1,0.8044095963771996,0.18786609648942462,0.27874692660943257,0.0532526179491252,0.3762543543447061,0.7849950943562214,0.25930745819523526,1,0,0,1,1
5,2,1,0,0.5643301876312761,0.1954558400406794,0.39555527837124493,0.10902639388856225,0.2299740246914967,0.8953054222208712,0.12991612853351314,1,0,1,1,1
3,4,0,0,0.8440489588756819,0.23395529666800494,0.2237712952090143,0.0980506947257829,0.13147905352545247,0.6726135047587583,0.29733251865342925,0,0,1,1,1
3,3,1,0,0.7070846573538846,0.026359949743450007,0.4103761587255085,0.05332031087913666,0.12357354914650623,0.7190769828604788,0.12654315080861206,1,0,1,0,1
4,2,1,2,0.5496879866912238,0.2688663908055115,0.5568659824261617,0.1116604581862474,0.2838832524596818,0.6896507659011941,0.2870403630598919,1,0,1,1,1
4,4,0,1,0.8269191079849976,0.13569548535549003,0.586146617117915,0.10264026609361132,0.31947685652659963,0.6244889946091768,0.11207041679811276,1,0,1,0,1
4,3,1,0,0.5728471662754797,0.23690955214274373,0.5952246653005258,0.0998195716453139,0.26660906528128936,0.8157605334816791,0.14569094826625975,1,1,1,0,1
5,0,2,2,0.012261000882322426,0.5030731554044855,-0.4761639302824786,0.18419270064900567,0.5908676279065233,0.7228119563599944,0.5701973337792302,0,1,1,0,0
3,0,2,2,0.29010306416605464,0.5946675765698812,-0.18860373334283764,0.18808422368135103,0.46868837074938213,0.5830483391705155,0.636940131437345,1,1,0,1,0
3,0,3,2,0.0718732435480968,0.49501732996955106,-0.12002343417085226,0.10171723432513878,0.6417540373478317,0.6476833569344105,0.49889242976127085,1,1,0,0,0
4,0,3,1,0.1564326146607043,0.7877649289341151,-0.6193065971092108,0.1588083997449551,0.4300760256898779,0.7320419377059803,0.45234946428733996,1,1,0,0,0
4,0,3,2,0.05830262729790068,0.5797735340854951,-0.38848094022272917,0.19383000258217206,0.40101111283016766,0.6077752243748737,0.5517434359689696,1,1,0,1,0
6,1,4,3,0.22325609983754516,0.615962335800885,-0.7760685638425893,0.1984031576428594,0.3491883234118507,0.569339273728294,0.4206787348966108,1,1,0,0,0
3,0,4,2,0.2752831463466382,0.5589515953857604,-0.46407204288554876,0.1623161283179581,0.30695191607419187,0.5969391971210836,0.7892390992281386,0,1,0,0,0
6,0,3,1,0.05741694481575715,0.7759279167707367,-0.2869707571610607,0.09948582735947852,0.37533963350624056,0.719248842461263,0.4624655379168696,0,1,0,1,0
4,0,3,2,0.19886990560337092,0.6471388960804856,-0.19176651086489727,0.14847316959665957,0.3121548238787347,0.7792846086520934,0.6758107004126245,1,1,0,0,0
7,0,3,2,0.26313812184121443,0.7997654903082667,-0.7662515727976108,0.19726090210655808,0.4627631842891482,0.7612260351011777,0.7129541936233095,0,1,1,0,0
6,1,4,2,0.36055025983537775,0.7511564636165311,-0.577962998264221,0.18426807506486853,0.45026890075269055,0.5890607823680842,0.6596298635177573,0,1,0,1,0
5,1,2,1,0.23859418999416865,0.6182747553981894,-0.48890638307415896,0.08176004684555166,0.5348246830804604,0.5505333155428159,0.6570303875788759,1,1,0,1,0
4,1,2,1,0.13649913105046255,0.5520782475143429,-0.5208240533721697,0.14962068430727987,0.5134410186907513,0.6823715278380335,0.7059533046168514,1,1,1,0,0
5,0,4,1,0.3592122195799948,0.4973929186305197,-0.15107581864258535,0.0872320868347473,0.6737744107222057,0.6054868061718903,0.44056833137968665,0,1,0,0,0
6,0,3,2,0.28646026968927746,0.5090496002934135,-0.5105156289322539,0.0946263312004337,0.3724597398138721,0.7043353561894948,0.4725753390782508,0,1,0,1,0
4,1,3,3,0.3262994574017124,0.5494038732153551,-0.43145056409235333,0.09347652132934631,0.30103360593799294,0.6913955617379893,0.6060700681334927,0,1,0,0,0
3,0,3,1,0.09474822358979283,0.7122102060975448,-0.6076357751163047,0.17871371822164142,0.46949530145950513,0.7002649697874411,0.4382141255338673,1,1,0,0,0
5,1,3,1,0.08669592003631027,0.4382858222080647,-0.7834529897675646,0.15703658005319193,0.5428376144355123,0.664009223814221,0.4927788384463902,0,1,0,1,0
5,0,2,2,0.16172750724171686,0.571279845970246,-0.2976815640392766,0.16309233815892438,0.6965023974808753,0.5385182868362376,0.44164385975366655,1,1,0,0,0
7,0,4,1,0.12934862484620832,0.49066256089079524,-0.5515025859176439,0.0883308611295312,0.5076239163633081,0.5202837690776645,0.7201426031289446,0,1,1,1,0
6,0,3,3,0.07612994512762712,0.42093555031460334,-0.5350665035598916,0.12355331262151904,0.6981921962817028,0.6339057053592927,0.5334278197888802,0,0,1,1,0
3,0,3,2,0.16907564535847583,0.7287225775604348,-0.7991343241684135,0.11610237300239061,0.6924945497377215,0.6424659630518657,0.5530105120976033,0,1,0,1,0
6,0,2,2,0.20838319090881688,0.649434275201104,-0.7376128975187884,0.17063245045961695,0.3510853934540939,0.7478202890757586,0.7128112350681544,1,0,0,0,0
4,0,2,2,0.3747831292124251,0.6215208962849506,-0.5861329825393835,0.12763778204891402,0.47888101620193424,0.6801783000081852,0.6062717710785992,1,1,1,1,0
4,1,4,1,0.04654655915419044,0.7269798833964767,-0.533563694566394,0.18535691845340835,0.6472226760429801,0.7417776200352864,0.7160121745228246,0,0,0,0,0
4,0,3,2,0.39024408034396596,0.6563888309381328,-0.22426360545594737,0.09590296072902181,0.6448057929090489,0.7768271571540184,0.5948247675275744,1,1,0,1,0
3,1,2,1,0.14701376891661258,0.42726892375419745,-0.7819316651353592,0.09621995469857873,0.6852460446356695,0.6648588607685051,0.786328864461288,0,1,0,0,0
6,0,3,1,0.007075123845302889,0.641021265537146,-0.5446412465988294,0.12637530093909766,0.5257764362715529,0.5575347366775582,0.48470214026619135,0,1,0,0,0
5,0,4,1,0.04855397576897156,0.5213100590270383,-0.7292679322925474,0.16305936100329582,0.3249167192520251,0.6528266384449369,0.7986787415411908,1,1,0,1,0
6,1,4,2,0.05228415069607979,0.7546416860961868,-0.4851507458250742,0.10335470141849182,0.4471037403509158,0.6242389257586781,0.7310151582267498,1,1,0,0,0
5,0,3,2,0.10392528349801369,0.704115929248854,-0.7040232059897007,0.144237215774311,0.38608074880689497,0.503636232393168,0.4964805830398166,1,1,1,0,0
5,0,4,3,0.19973353399144733,0.5064077112021523,-0.6955335554348767,0.09526397152249395,0.645864156856167,0.5730433905214601,0.6606842591643873,1,1,1,0,0
4,0,2,1,0.04085981186301524,0.6634768584829774,-0.14001820101071671,0.17706601539635938,0.33056674377522055,0.583810314180415,0.7721275539351296,0,1,1,0,0
5,1,2,3,0.35575636645153774,0.5802478626919032,-0.18227839168073012,0.09268321758875289,0.6953101084000525,0.6329819262330855,0.41913232815764223,0,1,0,1,0
5,1,2,1,0.2034317157790314,0.5550380925931079,-0.476637144330331,0.1989906090644329,0.688299983068268,0.782694616901958,0.7135370707070696,0,1,0,1,0
4,1,4,1,0.11817791099096811,0.7076892591352535,-0.36273550180201536,0.1258327567583475,0.382274904878222,0.5364159254478219,0.6460051872155467,1,1,0,0,0
4,1,2,3,0.3919881317435403,0.6407526358545289,-0.39230413925492746,0.16976878153154384,0.6247079152360551,0.6969435821994509,0.45123829854648,0,1,0,0,0
5,1,3,1,0.06547352058612059,0.5095165230056427,-0.15017772700599608,0.16111787307036265,0.4984191354719546,0.503814466996068,0.7969661601957881,1,1,1,0,0
4,0,2,2,0.184215798909656,0.7367994211560247,-0.2900565259868707,0.17317369357996698,0.5624647350724286,0.5532286308409121,0.6180107675587754,1,1,0,0,0
7,0,4,3,0.38605189685079866,0.5953576520259759,-0.6945267246030858,0.12108603632402559,0.4653665797181046,0.7274555033229613,0.6973695144306438,1,0,0,0,0
6,0,2,1,0.0640286539818292,0.584622989767916,-0.7934678661210347,0.10960146374259477,0.590584686045202,0.7975429854048091,0.4396712398348864,0,1,0,1,0
5,0,3,1,0.15010396177706653,0.6154782669372156,-0.4330885804916864,0.18176573493569265,0.635985592112873,0.749804140804113,0.40441264570498636,1,1,0,1,0
5,0,3,3,0.17944425238181705,0.6888283752810949,-0.17966295367444785,0.15116532010241412,0.45661027927113174,0.6237865522545871,0.6782472585987227,0,1,0,1,0
6,0,4,3,0.1923891559544495,0.656930210362091,-0.7546024838619222,0.14959805449137575,0.5245938351838094,0.6681980283248513,0.6413950666385819,1,1,0,1,0
3,0,3,3,0.02342037169759168,0.5336953274784244,-0.2505721160219727,0.16492171216890988,0.6154459858689625,0.6551807169324828,0.5760795991821963,0,1,0,0,0
6,0,4,3,0.30663540958865737,0.6934463320169251,-0.5903895426556793,0.10081760891191488,0.555021305788092,0.6488499152339658,0.47130098676185667,1,1,0,1,0
4,1,2,1,0.22621998596857618,0.7918586860135535,-0.6842941223208778,0.16403023513334253,0.5343240583887607,0.6759437276566121,0.6790682510080301,1,1,0,1,0
4,0,2,1,0.18469312544495287,0.5923624003012279,-0.4953737205212503,0.19248239530590375,0.5824076030656098,0.6893511937870119,0.41993681111317666,1,1,0,0,0
3,1,3,1,0.3005500344116183,0.6627820625068559,-0.1303697652415794,0.08827496196277054,0.3228218884605017,0.58465612240796,0.5046822734943625,0,1,0,0,0
4,0,2,2,0.0261464630257541,0.5950284774693537,-0.7764704798717021,0.08751838441464255,0.6625749813377644,0.5417736113352786,0.6129682729100869,0,1,1,0,0
5,1,4,3,0.15737913862543662,0.7311473501288692,-0.24860088913060396,0.15493105357660736,0.49779245251803717,0.7938652521145271,0.45798602895192686,1,0,0,0,0
7,1,2,1,0.04563831395517335,0.46049873149397386,-0.6422781490341355,0.11011599936083577,0.6402464231364551,0.6683668364847575,0.6093563645497466,0,1,0,0,0
3,0,3,2,0.09045882063597631,0.738767491235424,-0.49995861712066697,0.09691515530261231,0.5656751658021669,0.5648271359555923,0.43902500409571993,1,1,0,0,0
6,0,3,3,0.020782631021707368,0.7145112797536133,-0.659045352504818,0.11103450018656466,0.3658825413729183,0.5990645194614492,0.7027006022754541,0,1,1,1,0
6,1,4,1,0.18049573767239524,0.7939958624563501,-0.2595912665830067,0.08326009054706718,0.3260818365041968,0.6391794130436999,0.7636880823446242,0,1,0,1,0
3,0,3,3,0.310244740370131,0.7857906615603247,-0.6573634786106177,0.14279955574336894,0.4148551832338302,0.7378563257101518,0.631037346352463,1,1,0,1,0
4,1,3,2,0.12670467082701067,0.7428717027995012,-0.16569972166396352,0.11322853848533707,0.6934085890860888,0.5422134584146275,0.480806267360996,0,1,0,0,0
6,1,3,2,0.03338563399575332,0.7529665473629356,-0.23747752519092535,0.1406248128291966,0.6868506461036681,0.62532829378253,0.7936441276145991,1,1,0,1,0
5,0,4,1,0.22390227345535305,0.6109598488490706,-0.296452464341589,0.18683096636213625,0.3317626338572118,0.7194489471021087,0.4749647776390329,1,1,0,1,0
6,0,4,2,0.3286547590841887,0.5837060788692856,-0.5495412142721907,0.139305493670036,0.6312997009748873,0.6005624142112618,0.46950463725429753,1,1,0,0,0
6,1,2,3,0.18014039156216508,0.6995305347853227,-0.3441966905828281,0.15451142809741175,0.44094997864386176,0.752434265925428,0.5885148669592659,1,1,0,1,0
4,0,4,3,0.06685280458848851,0.6621129638766633,-0.10578016798251277,0.08872050459320195,0.33083120478058425,0.6021140278000024,0.7465546057005369,0,1,0,1,0
7,1,3,1,0.30642591061412106,0.7153789373013195,-0.3345105675668033,0.11123442290792036,0.6628780122823319,0.7012196935717503,0.624176252392176,0,1,0,1,0
5,0,3,3,0.044288237330526274,0.5690193713247779,-0.7705827273800163,0.16878849449203165,0.6672306208796602,0.5840111988651469,0.7433366707196484,0,1,0,1,0
6,0,4,2,0.29066839682812934,0.5219004381544534,-0.21942373459880715,0.11378254380979161,0.6491015358264511,0.5337741171235811,0.6814743909843184,0,0,0,0,0
6,0,3,3,0.029696349195354577,0.4905405977365944,-0.2888276970368978,0.15185699556601898,0.325796508499667,0.7631718371486602,0.7509047051304718,0,1,1,1,0
7,1,2,2,0.17167303735854278,0.5071106701953337,-0.24758740738788798,0.14880192147622617,0.5635300280560283,0.575692174951822,0.48809012055092604,0,1,0,0,0
5,0,3,1,0.01005678331090909,0.6777801824522836,-0.7424550554017528,0.18928118953221676,0.4857732944902171,0.5412571324451046,0.5363262799159387,0,0,1,0,0
3,0,4,3,0.20494551101831626,0.4416899211233391,-0.5308420706486312,0.13852004823455175,0.560889703818189,0.7851593157758612,0.6402604266193423,1,1,0,0,0
3,1,2,1,0.18899734200260543,0.41825949820095354,-0.7019831317126777,0.11321771693495669,0.6886130763604202,0.5994041021309152,0.5928164232448331,0,1,0,0,0
7,0,3,1,0.0030656130596901313,0.48762752364074313,-0.7742950462494252,0.09296309049568297,0.4355442597355006,0.7407757038739439,0.6288194573477204,0,1,1,0,0
7,0,2,1,0.04553535739064057,0.5380892571206769,-0.4448116428975338,0.18490670296222111,0.4974186321360474,0.7106776298094993,0.7971267355996282,0,1,0,0,0
6,1,2,1,0.1032693016764677,0.6698431411664865,-0.5922906512271371,0.16621150757824824,0.6816132510340162,0.7164180353318865,0.745152201164965,0,1,1,0,0
6,1,3,2,0.2661168407912221,0.7201419516093627,-0.3361348408584512,0.09107417504879087,0.5385286075441473,0.664875097016643,0.7601285072297086,0,1,0,0,0
7,0,3,2,0.35521562574404714,0.639476960927639,-0.4484924730266092,0.09666455916758204,0.34629504267148215,0.5462964695849238,0.46873939253083785,1,1,0,1,0
4,0,2,2,0.21299707977485866,0.5795412286698833,-0.7409253336188204,0.12792424980736292,0.6640538547128536,0.7424067889719659,0.4864205460046749,0,1,0,0,0
5,1,4,1,0.11015246970216741,0.5225253995112851,-0.24771038805544465,0.13357034196818987,0.619352136207341,0.7467267121004836,0.7430249350645135,1,1,0,1,0
4,0,2,2,0.28223434505752987,0.6753620073968547,-0.5378129790859151,0.10002322420385035,0.472211735384883,0.5427782432245726,0.7560388140735234,0,0,0,1,0
6,0,4,3,0.028684755539060403,0.5638515579580928,-0.5821477534556245,0.16125447676820115,0.5423116997810761,0.609378118459262,0.48715702170199604,1,1,0,0,0
7,1,4,3,0.38560696284708096,0.5536826851943202,-0.7727027911975619,0.08371469491032123,0.4551947039787478,0.5480074809389582,0.4093408385312744,1,1,0,1,0
7,0,3,1,0.18960257139326236,0.5776510852663007,-0.1035994188584749,0.1454457345461963,0.33528068151594825,0.682063202473079,0.460633717147952,0,1,0,1,0
3,0,2,2,0.0673347823676521,0.49876297066703423,-0.21301554956802027,0.1227422776541113,0.6307259895185675,0.7127041172861096,0.4708683701087462,0,1,0,1,0
6,0,2,3,0.05567868053827821,0.5776174996808812,-0.3616359750052553,0.13866773981509417,0.4607115202617297,0.7981545166699096,0.7521259048595709,1,1,0,0,0
7,1,2,1,0.28435388667292766,0.7627771235339336,-0.7073393346755193,0.1511617400432717,0.53964823401613,0.6060382221640348,0.5833865698277032,0,1,0,0,0
6,0,3,2,0.3776168375301592,0.4595183877620463,-0.47612707645422453,0.19771848537952222,0.4933629743892586,0.7590642567543635,0.635492608852528,0,1,0,1,0
5,0,2,3,0.2309116116932525,0.7462308582498209,-0.11348245949159941,0.12891010502885802,0.6310075688425212,0.7293583383964153,0.6294115805822293,1,1,0,1,0
3,0,2,1,0.357236082078166,0.4249830374476286,-0.18157466590975746,0.13379828664433066,0.5041729956016928,0.6879777533279631,0.7705530426920347,0,1,0,1,0
4,1,3,1,0.14348621016680538,0.721774883071802,-0.604868089309813,0.10528459566406438,0.6829792076152384,0.5026589855340406,0.7991283422727913,1,1,0,0,0
3,1,2,1,0.29619045278140765,0.45714011492033546,-0.2726004544201216,0.1722707338529169,0.5634162062680219,0.729834779838676,0.738368575871093,1,0,0,0,0
6,1,4,2,0.1224549363518373,0.6196521345108691,-0.3575371193456304,0.14924487973542933,0.5791025104293718,0.5018266244719517,0.4403764799910086,1,1,0,1,0
6,1,3,2,0.029160734147161405,0.5611493130530549,-0.5932966541664397,0.10788611876672574,0.41240179956348544,0.7410448229890654,0.7716912214527416,0,1,0,0,0
3,0,2,2,0.3915924460699236,0.6413972384173515,-0.5495301411205158,0.15773809351886342,0.349168271386155,0.7665977240796196,0.6012335803119346,0,1,0,0,0
4,1,3,2,0.3290139177536787,0.7215834030210082,-0.4132493228144776,0.14242038707729016,0.35715038453576464,0.7326038451209407,0.5085637521786858,0,1,0,1,0
5,0,2,3,0.041099300980969346,0.4756158098910127,-0.251888353878287,0.16580464626208208,0.5373943051903738,0.7687180177778519,0.6333066071252182,0,1,1,0,0
6,0,2,1,0.05197196981428052,0.6259937430701015,-0.19341641277563915,0.14861709963285846,0.6628799286242488,0.7828951450448127,0.5689538088737224,0,1,0,0,0
4,0,2,3,0.3376994809623274,0.6703390985857346,-0.7026189057762388,0.11050776604984347,0.6502044906210465,0.5548421709970701,0.5113757633001739,0,1,1,0,0
6,0,4,1,0.019274404957318494,0.5440201863603914,-0.1302401291609997,0.14004813748522416,0.4730916544078818,0.6373098815477882,0.4835530896020655,0,1,0,1,0
4,0,2,3,0.28786152664421216,0.5484646459142968,-0.1911657763228024,0.16765956331505483,0.5590852684251686,0.7388721786688563,0.701609213971353,0,1,1,0,0
5,1,3,1,0.2728775522506442,0.5872616565204122,-0.3945773212376945,0.09024096037811899,0.31720278074677577,0.7000599981652765,0.7293237719282872,1,1,0,1,0
7,0,3,2,0.007731052367040414,0.4497473596002041,-0.5104501275569553,0.1391437501336936,0.46171589890194764,0.6592813035236282,0.6380526699622726,0,1,1,1,0
